[{"model": "admin.logentry", "pk": 1, "fields": {"action_time": "2026-03-11T18:05:35.189Z", "user": 1, "content_type": 11, "object_id": "001", "object_repr": "ShopInfo object (001)", "action_flag": 1, "change_message": "[{\"added\": {}}]"}}, {"model": "admin.logentry", "pk": 2, "fields": {"action_time": "2026-03-12T17:33:12.960Z", "user": 1, "content_type": 8, "object_id": "C001", "object_repr": "Category object (C001)", "action_flag": 1, "change_message": "[{\"added\": {}}]"}}, {"model": "admin.logentry", "pk": 3, "fields": {"action_time": "2026-03-12T17:33:26.114Z", "user": 1, "content_type": 7, "object_id": "B001", "object_repr": "Brand object (B001)", "action_flag": 1, "change_message": "[{\"added\": {}}]"}}, {"model": "admin.logentry", "pk": 4, "fields": {"action_time": "2026-03-12T17:33:40.125Z", "user": 1, "content_type": 13, "object_id": "U001", "object_repr": "Unit object (U001)", "action_flag": 1, "change_message": "[{\"added\": {}}]"}}, {"model": "admin.logentry", "pk": 5, "fields": {"action_time": "2026-03-23T11:26:23.850Z", "user": 1, "content_type": 8, "object_id": "C002", "object_repr": "Category object (C002)", "action_flag": 1, "change_message": "[{\"added\": {}}]"}}, {"model": "admin.logentry", "pk": 6, "fields": {"action_time": "2026-03-23T11:26:35.278Z", "user": 1, "content_type": 8, "object_id": "C003", "object_repr": "Category object (C003)", "action_flag": 1, "change_message": "[{\"added\": {}}]"}}, {"model": "admin.logentry", "pk": 7, "fields": {"action_time": "2026-03-23T11:27:07.509Z", "user": 1, "content_type": 7, "object_id": "B002", "object_repr": "Brand object (B002)", "action_flag": 1, "change_message": "[{\"added\": {}}]"}}, {"model": "admin.logentry", "pk": 8, "fields": {"action_time": "2026-03-23T11:27:16.756Z", "user": 1, "content_type": 7, "object_id": "B003", "object_repr": "Brand object (B003)", "action_flag": 1, "change_message": "[{\"added\": {}}]"}}, {"model": "admin.logentry", "pk": 9, "fields": {"action_time": "2026-03-23T11:27:25.897Z", "user": 1, "content_type": 7, "object_id": "B004", "object_repr": "Brand object (B004)", "action_flag": 1, "change_message": "[{\"added\": {}}]"}}, {"model": "admin.logentry", "pk": 10, "fields": {"action_time": "2026-03-23T11:28:01.450Z", "user": 1, "content_type": 13, "object_id": "U002", "object_repr": "Unit object (U002)", "action_flag": 1, "change_message": "[{\"added\": {}}]"}}, {"model": "admin.logentry", "pk": 11, "fields": {"action_time": "2026-03-23T11:28:10.254Z", "user": 1, "content_type": 13, "object_id": "B003", "object_repr": "Unit object (B003)", "action_flag": 1, "change_message": "[{\"added\": {}}]"}}, {"model": "admin.logentry", "pk": 12, "fields": {"action_time": "2026-03-23T11:28:21.224Z", "user": 1, "content_type": 13, "object_id": "B004", "object_repr": "Unit object (B004)", "action_flag": 1, "change_message": "[{\"added\": {}}]"}}, {"model": "admin.logentry", "pk": 13, "fields": {"action_time": "2026-03-23T11:30:19.085Z", "user": 1, "content_type": 8, "object_id": "C004", "object_repr": "Category object (C004)", "action_flag": 1, "change_message": "[{\"added\": {}}]"}}, {"model": "admin.logentry", "pk": 14, "fields": {"action_time": "2026-03-23T11:36:56.052Z", "user": 1, "content_type": 14, "object_id": "P0001", "object_repr": "Product object (P0001)", "action_flag": 2, "change_message": "[{\"changed\": {\"fields\": [\"Pro id\"]}}]"}}, {"model": "admin.logentry", "pk": 15, "fields": {"action_time": "2026-03-23T11:37:03.586Z", "user": 1, "content_type": 14, "object_id": "0001", "object_repr": "Product object (0001)", "action_flag": 3, "change_message": ""}}, {"model": "admin.logentry", "pk": 16, "fields": {"action_time": "2026-03-23T11:40:11.608Z", "user": 1, "content_type": 14, "object_id": "P0002", "object_repr": "Product object (P0002)", "action_flag": 1, "change_message": "[{\"added\": {}}]"}}, {"model": "admin.logentry", "pk": 17, "fields": {"action_time": "2026-03-23T11:58:26.222Z", "user": 1, "content_type": 14, "object_id": "P002", "object_repr": "HP Victus 16", "action_flag": 2, "change_message": "[{\"changed\": {\"fields\": [\"Pro id\"]}}]"}}, {"model": "admin.logentry", "pk": 18, "fields": {"action_time": "2026-03-23T11:58:35.987Z", "user": 1, "content_type": 14, "object_id": "P0002", "object_repr": "HP Victus 16", "action_flag": 3, "change_message": ""}}, {"model": "admin.logentry", "pk": 19, "fields": {"action_time": "2026-03-23T11:58:43.128Z", "user": 1, "content_type": 14, "object_id": "P001", "object_repr": "Mouse Logitech G102", "action_flag": 2, "change_message": "[{\"changed\": {\"fields\": [\"Pro id\"]}}]"}}, {"model": "admin.logentry", "pk": 20, "fields": {"action_time": "2026-03-23T11:58:47.655Z", "user": 1, "content_type": 14, "object_id": "P0001", "object_repr": "Mouse Logitech G102", "action_flag": 3, "change_message": ""}}, {"model": "admin.logentry", "pk": 21, "fields": {"action_time": "2026-03-23T12:00:29.420Z", "user": 1, "content_type": 7, "object_id": "B005", "object_repr": "Brand object (B005)", "action_flag": 1, "change_message": "[{\"added\": {}}]"}}, {"model": "admin.logentry", "pk": 22, "fields": {"action_time": "2026-03-23T12:08:53.005Z", "user": 1, "content_type": 9, "object_id": "C001", "object_repr": "Customer object (C001)", "action_flag": 1, "change_message": "[{\"added\": {}}]"}}, {"model": "admin.logentry", "pk": 23, "fields": {"action_time": "2026-03-23T13:47:29.629Z", "user": 1, "content_type": 10, "object_id": "EMP002", "object_repr": "Employee object (EMP002)", "action_flag": 1, "change_message": "[{\"added\": {}}]"}}, {"model": "admin.logentry", "pk": 24, "fields": {"action_time": "2026-03-23T13:48:09.008Z", "user": 1, "content_type": 9, "object_id": "C001", "object_repr": "Customer object (C001)", "action_flag": 2, "change_message": "[{\"changed\": {\"fields\": [\"Cus name\", \"Tel\"]}}]"}}, {"model": "admin.logentry", "pk": 25, "fields": {"action_time": "2026-03-23T17:10:24.691Z", "user": 1, "content_type": 8, "object_id": "C004", "object_repr": "Category object (C004)", "action_flag": 2, "change_message": "[{\"changed\": {\"fields\": [\"Cat name\"]}}]"}}, {"model": "admin.logentry", "pk": 26, "fields": {"action_time": "2026-03-23T17:10:56.105Z", "user": 1, "content_type": 7, "object_id": "B006", "object_repr": "Brand object (B006)", "action_flag": 1, "change_message": "[{\"added\": {}}]"}}, {"model": "admin.logentry", "pk": 27, "fields": {"action_time": "2026-03-23T17:12:05.200Z", "user": 1, "content_type": 7, "object_id": "B007", "object_repr": "Brand object (B007)", "action_flag": 1, "change_message": "[{\"added\": {}}]"}}, {"model": "admin.logentry", "pk": 28, "fields": {"action_time": "2026-03-23T17:14:30.278Z", "user": 1, "content_type": 8, "object_id": "C005", "object_repr": "Category object (C005)", "action_flag": 1, "change_message": "[{\"added\": {}}]"}}, {"model": "admin.logentry", "pk": 29, "fields": {"action_time": "2026-03-23T17:28:03.738Z", "user": 1, "content_type": 7, "object_id": "B008", "object_repr": "Brand object (B008)", "action_flag": 1, "change_message": "[{\"added\": {}}]"}}, {"model": "admin.logentry", "pk": 30, "fields": {"action_time": "2026-03-23T17:28:56.775Z", "user": 1, "content_type": 7, "object_id": "B009", "object_repr": "Brand object (B009)", "action_flag": 1, "change_message": "[{\"added\": {}}]"}}, {"model": "admin.logentry", "pk": 31, "fields": {"action_time": "2026-03-23T17:30:10.821Z", "user": 1, "content_type": 7, "object_id": "B010", "object_repr": "Brand object (B010)", "action_flag": 1, "change_message": "[{\"added\": {}}]"}}, {"model": "admin.logentry", "pk": 32, "fields": {"action_time": "2026-03-23T17:36:37.266Z", "user": 1, "content_type": 14, "object_id": "P001", "object_repr": "Mouse Logitech G102", "action_flag": 2, "change_message": "[{\"changed\": {\"fields\": [\"Pro img\"]}}]"}}, {"model": "admin.logentry", "pk": 33, "fields": {"action_time": "2026-03-26T16:41:46.611Z", "user": 1, "content_type": 4, "object_id": "2", "object_repr": "test_user1", "action_flag": 1, "change_message": "[{\"added\": {}}]"}}, {"model": "admin.logentry", "pk": 34, "fields": {"action_time": "2026-03-26T16:42:41.615Z", "user": 1, "content_type": 4, "object_id": "2", "object_repr": "test_user1", "action_flag": 2, "change_message": "[{\"changed\": {\"fields\": [\"Staff status\"]}}]"}}, {"model": "admin.logentry", "pk": 35, "fields": {"action_time": "2026-04-09T13:00:15.971Z", "user": 1, "content_type": 13, "object_id": "U004", "object_repr": "Unit object (U004)", "action_flag": 2, "change_message": "[{\"changed\": {\"fields\": [\"Unit id\"]}}]"}}, {"model": "admin.logentry", "pk": 36, "fields": {"action_time": "2026-04-09T13:00:27.264Z", "user": 1, "content_type": 13, "object_id": "U004", "object_repr": "Unit object (U004)", "action_flag": 3, "change_message": ""}}, {"model": "admin.logentry", "pk": 37, "fields": {"action_time": "2026-04-09T13:00:41.884Z", "user": 1, "content_type": 13, "object_id": "U004", "object_repr": "Unit object (U004)", "action_flag": 2, "change_message": "[{\"changed\": {\"fields\": [\"Unit id\"]}}]"}}, {"model": "admin.logentry", "pk": 38, "fields": {"action_time": "2026-04-09T13:00:51.724Z", "user": 1, "content_type": 13, "object_id": "B004", "object_repr": "Unit object (B004)", "action_flag": 3, "change_message": ""}}, {"model": "admin.logentry", "pk": 39, "fields": {"action_time": "2026-04-09T13:00:58.812Z", "user": 1, "content_type": 13, "object_id": "U003", "object_repr": "Unit object (U003)", "action_flag": 2, "change_message": "[{\"changed\": {\"fields\": [\"Unit id\"]}}]"}}, {"model": "admin.logentry", "pk": 40, "fields": {"action_time": "2026-04-09T13:01:04.655Z", "user": 1, "content_type": 13, "object_id": "B003", "object_repr": "Unit object (B003)", "action_flag": 3, "change_message": ""}}, {"model": "admin.logentry", "pk": 41, "fields": {"action_time": "2026-04-20T14:24:16.291Z", "user": 1, "content_type": 16, "object_id": "15", "object_repr": "SaleDetail object (15)", "action_flag": 3, "change_message": ""}}, {"model": "admin.logentry", "pk": 42, "fields": {"action_time": "2026-04-20T14:24:19.866Z", "user": 1, "content_type": 16, "object_id": "14", "object_repr": "SaleDetail object (14)", "action_flag": 3, "change_message": ""}}, {"model": "admin.logentry", "pk": 43, "fields": {"action_time": "2026-04-20T14:24:23.836Z", "user": 1, "content_type": 16, "object_id": "13", "object_repr": "SaleDetail object (13)", "action_flag": 3, "change_message": ""}}, {"model": "admin.logentry", "pk": 44, "fields": {"action_time": "2026-04-20T14:24:27.166Z", "user": 1, "content_type": 16, "object_id": "12", "object_repr": "SaleDetail object (12)", "action_flag": 3, "change_message": ""}}, {"model": "admin.logentry", "pk": 45, "fields": {"action_time": "2026-04-20T14:24:41.432Z", "user": 1, "content_type": 15, "object_id": "S76694974", "object_repr": "Sale object (S76694974)", "action_flag": 3, "change_message": ""}}, {"model": "admin.logentry", "pk": 46, "fields": {"action_time": "2026-04-20T14:25:03.026Z", "user": 1, "content_type": 15, "object_id": "S76693090", "object_repr": "Sale object (S76693090)", "action_flag": 3, "change_message": ""}}, {"model": "admin.logentry", "pk": 47, "fields": {"action_time": "2026-04-20T14:25:03.026Z", "user": 1, "content_type": 15, "object_id": "S75937818", "object_repr": "Sale object (S75937818)", "action_flag": 3, "change_message": ""}}, {"model": "admin.logentry", "pk": 48, "fields": {"action_time": "2026-04-20T14:25:03.026Z", "user": 1, "content_type": 15, "object_id": "S74875220", "object_repr": "Sale object (S74875220)", "action_flag": 3, "change_message": ""}}, {"model": "admin.logentry", "pk": 49, "fields": {"action_time": "2026-04-20T14:25:03.026Z", "user": 1, "content_type": 15, "object_id": "S74873694", "object_repr": "Sale object (S74873694)", "action_flag": 3, "change_message": ""}}, {"model": "admin.logentry", "pk": 50, "fields": {"action_time": "2026-04-20T15:48:53.433Z", "user": 1, "content_type": 15, "object_id": "S76700103", "object_repr": "Sale object (S76700103)", "action_flag": 3, "change_message": ""}}, {"model": "admin.logentry", "pk": 51, "fields": {"action_time": "2026-04-20T15:48:53.433Z", "user": 1, "content_type": 15, "object_id": "S76699107", "object_repr": "Sale object (S76699107)", "action_flag": 3, "change_message": ""}}, {"model": "admin.logentry", "pk": 52, "fields": {"action_time": "2026-04-20T15:48:53.433Z", "user": 1, "content_type": 15, "object_id": "S76699066", "object_repr": "Sale object (S76699066)", "action_flag": 3, "change_message": ""}}, {"model": "admin.logentry", "pk": 53, "fields": {"action_time": "2026-04-20T15:48:53.434Z", "user": 1, "content_type": 15, "object_id": "S76697447", "object_repr": "Sale object (S76697447)", "action_flag": 3, "change_message": ""}}, {"model": "admin.logentry", "pk": 54, "fields": {"action_time": "2026-04-20T15:48:53.434Z", "user": 1, "content_type": 15, "object_id": "S76696965", "object_repr": "Sale object (S76696965)", "action_flag": 3, "change_message": ""}}, {"model": "admin.logentry", "pk": 55, "fields": {"action_time": "2026-04-20T18:05:38.964Z", "user": 1, "content_type": 15, "object_id": "S76708062", "object_repr": "Sale object (S76708062)", "action_flag": 3, "change_message": ""}}, {"model": "admin.logentry", "pk": 56, "fields": {"action_time": "2026-04-20T18:05:38.964Z", "user": 1, "content_type": 15, "object_id": "S76708040", "object_repr": "Sale object (S76708040)", "action_flag": 3, "change_message": ""}}, {"model": "admin.logentry", "pk": 57, "fields": {"action_time": "2026-04-20T18:05:38.964Z", "user": 1, "content_type": 15, "object_id": "S76707649", "object_repr": "Sale object (S76707649)", "action_flag": 3, "change_message": ""}}, {"model": "admin.logentry", "pk": 58, "fields": {"action_time": "2026-04-20T18:05:38.964Z", "user": 1, "content_type": 15, "object_id": "S76707157", "object_repr": "Sale object (S76707157)", "action_flag": 3, "change_message": ""}}, {"model": "admin.logentry", "pk": 59, "fields": {"action_time": "2026-04-20T18:05:38.964Z", "user": 1, "content_type": 15, "object_id": "S76703772", "object_repr": "Sale object (S76703772)", "action_flag": 3, "change_message": ""}}, {"model": "admin.logentry", "pk": 60, "fields": {"action_time": "2026-04-20T18:05:38.964Z", "user": 1, "content_type": 15, "object_id": "S76702821", "object_repr": "Sale object (S76702821)", "action_flag": 3, "change_message": ""}}, {"model": "admin.logentry", "pk": 61, "fields": {"action_time": "2026-04-20T18:05:38.964Z", "user": 1, "content_type": 15, "object_id": "S76702735", "object_repr": "Sale object (S76702735)", "action_flag": 3, "change_message": ""}}, {"model": "admin.logentry", "pk": 62, "fields": {"action_time": "2026-04-20T18:05:38.964Z", "user": 1, "content_type": 15, "object_id": "S76701275", "object_repr": "Sale object (S76701275)", "action_flag": 3, "change_message": ""}}, {"model": "admin.logentry", "pk": 63, "fields": {"action_time": "2026-04-20T18:05:38.964Z", "user": 1, "content_type": 15, "object_id": "S76700272", "object_repr": "Sale object (S76700272)", "action_flag": 3, "change_message": ""}}, {"model": "admin.logentry", "pk": 64, "fields": {"action_time": "2026-04-20T18:05:38.964Z", "user": 1, "content_type": 15, "object_id": "S76700161", "object_repr": "Sale object (S76700161)", "action_flag": 3, "change_message": ""}}, {"model": "admin.logentry", "pk": 65, "fields": {"action_time": "2026-04-20T18:39:54.192Z", "user": 1, "content_type": 15, "object_id": "S76710255", "object_repr": "Sale object (S76710255)", "action_flag": 3, "change_message": ""}}, {"model": "admin.logentry", "pk": 66, "fields": {"action_time": "2026-04-20T18:39:54.192Z", "user": 1, "content_type": 15, "object_id": "S76710235", "object_repr": "Sale object (S76710235)", "action_flag": 3, "change_message": ""}}, {"model": "admin.logentry", "pk": 67, "fields": {"action_time": "2026-04-20T18:39:54.192Z", "user": 1, "content_type": 15, "object_id": "S76709353", "object_repr": "Sale object (S76709353)", "action_flag": 3, "change_message": ""}}, {"model": "admin.logentry", "pk": 68, "fields": {"action_time": "2026-04-20T18:39:54.192Z", "user": 1, "content_type": 15, "object_id": "S76709315", "object_repr": "Sale object (S76709315)", "action_flag": 3, "change_message": ""}}, {"model": "admin.logentry", "pk": 69, "fields": {"action_time": "2026-04-21T13:45:16.980Z", "user": 1, "content_type": 4, "object_id": "3", "object_repr": "olo", "action_flag": 3, "change_message": ""}}, {"model": "admin.logentry", "pk": 70, "fields": {"action_time": "2026-04-21T13:46:31.790Z", "user": 1, "content_type": 4, "object_id": "6", "object_repr": "olo", "action_flag": 1, "change_message": "[{\"added\": {}}]"}}, {"model": "admin.logentry", "pk": 71, "fields": {"action_time": "2026-04-21T13:47:18.149Z", "user": 1, "content_type": 4, "object_id": "6", "object_repr": "olo", "action_flag": 3, "change_message": ""}}, {"model": "auth.user", "pk": 1, "fields": {"password": "pbkdf2_sha256$1000000$nj8A4k7GmoRFyfheQOqskl$gp1Le2A93+BTVyKGw6Yd9WuJb5vr5tL+CY5H+cEozhQ=", "last_login": "2026-04-12T13:43:28.107Z", "is_superuser": true, "username": "Lucky", "first_name": "", "last_name": "", "email": "Anoulackptv@gmail.com", "is_staff": true, "is_active": true, "date_joined": "2026-03-11T18:02:18.846Z", "groups": [], "user_permissions": []}}, {"model": "auth.user", "pk": 2, "fields": {"password": "pbkdf2_sha256$1000000$UH8XmryKz8UuodDZqxBQkB$hJH4nUqRsnr68LRuob3o1Gt5kad64vteL5GxYKqMF8I=", "last_login": "2026-03-27T10:31:40.249Z", "is_superuser": false, "username": "test_user1", "first_name": "", "last_name": "", "email": "", "is_staff": true, "is_active": true, "date_joined": "2026-03-26T16:41:46Z", "groups": [], "user_permissions": []}}, {"model": "auth.user", "pk": 4, "fields": {"password": "pbkdf2_sha256$1000000$AH4tvITfLbJDWlG6ThsUd8$a+FIWsNZZnaExzG4HwsFnfpJmYG4cBUuG66V28c/mkA=", "last_login": "2026-04-21T13:08:43.410Z", "is_superuser": false, "username": "user1", "first_name": "", "last_name": "", "email": "", "is_staff": true, "is_active": true, "date_joined": "2026-04-21T13:06:35.921Z", "groups": [], "user_permissions": []}}, {"model": "auth.user", "pk": 5, "fields": {"password": "pbkdf2_sha256$1000000$2S0aGVeZg0LJCHsdlcaBEC$QhWhxOTNtPtALdw94ELCZlhfeEN4R6TC8jRv21YJQaw=", "last_login": "2026-04-21T13:38:14.947Z", "is_superuser": false, "username": "bick", "first_name": "", "last_name": "", "email": "", "is_staff": true, "is_active": true, "date_joined": "2026-04-21T13:31:50.446Z", "groups": [], "user_permissions": []}}, {"model": "auth.user", "pk": 7, "fields": {"password": "pbkdf2_sha256$1000000$HVnHEr6ivZpTUv4OpqcCaa$1M8qPGAa5k0IsZ2JdNqU0bNYJ1DI/HgqWEF0JNWoNBs=", "last_login": "2026-04-21T14:33:51.713Z", "is_superuser": true, "username": "olo", "first_name": "", "last_name": "", "email": "olo@gmail.com", "is_staff": true, "is_active": true, "date_joined": "2026-04-21T13:47:54.222Z", "groups": [], "user_permissions": []}}, {"model": "auth.user", "pk": 8, "fields": {"password": "", "last_login": "2026-04-21T14:31:10.435Z", "is_superuser": false, "username": "Lar", "first_name": "", "last_name": "", "email": "", "is_staff": false, "is_active": true, "date_joined": "2026-04-21T14:31:10.421Z", "groups": [], "user_permissions": []}}, {"model": "sessions.session", "pk": "1640htxtkrg99nj4kiihh1cvk7g3bwih", "fields": {"session_data": ".eJxVjDsOgzAQRO_iOrJY_MOU6XMGtN41MUlkJGwqxN0DEkVSzsybt4kB15qGtcRlmFj0wonbbxeQ3jGfA78wP2dJc67LFOSJyGst8jFz_Nwv9k-QsKTjbSCShtYAWtVgcGCctupIY_Cjb7sYbNTkADulQXvDnokbNVpQbD2dUsKlin7b9y8CrjrD:1wFCDA:zbql2iF-hJfPLDCN3LQofNMWQ0ATOEofLtpOSoA3J38", "expire_date": "2026-05-05T14:36:24.527Z"}}, {"model": "sessions.session", "pk": "aped4mgazuazsy2yxl5hbvxis1jpb18z", "fields": {"session_data": ".eJxVjEEOwiAQRe_C2hAgdBhcuvcMZIZBqRqalHbVeHdt0oVu_3vvbyrRutS09jKnUdRZWXX63Zjys7QdyIPafdJ5ass8st4VfdCur5OU1-Vw_w4q9fqt2QF7uIEjQWQLHonADxKNocCZxBkfhAKhE28xY8kCBilGQRPjoN4f51432w:1w4hI6:_TyxwO82nezNLliwP-5j7N_wIlK83jQgW0kAvfQYT7E", "expire_date": "2026-04-06T15:34:06.453Z"}}, {"model": "sessions.session", "pk": "cypvmg6v70zrql9zyjh764dojxrssn9q", "fields": {"session_data": ".eJxVjDsOgzAQRO_iOrIMmPWaMn3OgPZjAkkEEp8KcfcYiSKpRpp583bT0rb27bakuR3UNKY2t9-OSd5pPAd90ficrEzjOg9sT8Re62Ifk6bP_WL_BD0tfX5D6LAKHBUhkvfCJdYVEkZGgM7l0I5DrLkAKQDYsTj0sSRwElRjlgrNq2n24_gCEWo66w:1wFBwl:idxYmQfry7F4dsuNYBnjQ0TnHLtDm_L4CmUnwY7Eqtc", "expire_date": "2026-05-05T14:19:27.805Z"}}, {"model": "sessions.session", "pk": "furgg9yw9f1s4ft50tkgtkty1ynibptm", "fields": {"session_data": ".eJxVjEEOwiAQRe_C2hAgdBhcuvcMZIZBqRqalHbVeHdt0oVu_3vvbyrRutS09jKnUdRZWXX63Zjys7QdyIPafdJ5ass8st4VfdCur5OU1-Vw_w4q9fqt2QF7uIEjQWQLHonADxKNocCZxBkfhAKhE28xY8kCBilGQRPjoN4f51432w:1w5oHm:OsY1rgdzKtZRGptd5YINCXvVkVx_VsI9qRQ4_oT3JAs", "expire_date": "2026-04-09T17:14:22.233Z"}}, {"model": "sessions.session", "pk": "jm69or6uvgh9ly4httt6cm0b6ugbj2da", "fields": {"session_data": ".eJxtjstKxDAUhl8lZKVQQhLbNJ3luHEjzErdlZPL2GhMNElBGfruJjCLCp7Ngf_y8V_wDGtZ5jXbNDuDD5jhbq8p0O82NMO8QXiNRMdQklOkRcjVzeQxGuuP1-wfwAJ5qW3FherFWXAwUiomegkg-sFMlMKoNBhO-9HACJKbnkktrTaCSpgmI-k0DRWqIRV8uOATpXftB_iwlfyi4jd6dsl6mzO6b_Oi9zahm6Ovg25r8zM5XaOM03aEdvhrhVBc-ani1jUi3xEfTujJ6bJmxMSuPQz_1rftF4tAZfA:1w4hdF:9_rDaqovTCUamq_YCXi-wjim5y5wU3SdnrWRV1ERy9o", "expire_date": "2026-04-06T15:55:57.177Z"}}, {"model": "sessions.session", "pk": "k19ixfm3jkpoib3204vu1qbtcvwfc77u", "fields": {"session_data": ".eJxVjEEOgyAUBe_CuiFIED8uu-8ZzINPq20DieDKeHc1cdFu38ybVQxY6jgsJc7DxKIXjbj9bh7hE9MJ-I30yjLkVOfJy1ORFy3ykTl-75f7FxhRxuPttfXGPq0GE_nGGgKsadkphc4HsFamY3QgzaahQDGwVQTnmJRz7RENmKvo123bASTFOyc:1w4i7R:xkylMXOo9ljhvErzoeo80gFqHIJWe2uBbT_-Hr8HI7U", "expire_date": "2026-04-06T16:27:09.380Z"}}, {"model": "sessions.session", "pk": "kiymoon07kucaib3wtysvwd34cog5oxx", "fields": {"session_data": ".eJxVjEEOwiAQRe_C2hAgdBhcuvcMZIZBqRqalHbVeHdt0oVu_3vvbyrRutS09jKnUdRZWXX63Zjys7QdyIPafdJ5ass8st4VfdCur5OU1-Vw_w4q9fqt2QF7uIEjQWQLHonADxKNocCZxBkfhAKhE28xY8kCBilGQRPjoN4f51432w:1w7DUI:URUTyeEb_-Rc7D2W2NHQIyNCQfgPTWeqOMWccbqdfUM", "expire_date": "2026-04-13T14:21:06.686Z"}}, {"model": "sessions.session", "pk": "obicnp772lxwodyg9lsmptxdtghnjd32", "fields": {"session_data": ".eJxVjjsOwyAQRO9CbSFAGIPL9DkDWlgcnA9Y_hSR5bsHFBfJdjNvdjQ7sbCt0W5LmO2IpCecNL-eA_8IqQK8Q7pl6nNa59HRGqEnXeg1Y3hezuxfQYQllm8nlJNqUAJQa8eV1ABKtmgYg855QMFkh9CBFii59jp4VEyDMaiZMW0pneD9Cmm1Yxoy6XcCr7wVOUHdzTmrR1lDfCxDg_1i0rdcVv8oAOai9-P4AOoYT-w:1wFCHo:z1mpCBK3UD-_0d3AjKaR4zNymRzv5Nc-sPHwKscWfts", "expire_date": "2026-05-05T14:41:12.352Z"}}, {"model": "sessions.session", "pk": "ql1zy80a85tjqyo1s7ki8geqjckp62o0", "fields": {"session_data": ".eJxVjEEOwiAQRe_C2hAgdBhcuvcMZIZBqRqalHbVeHdt0oVu_3vvbyrRutS09jKnUdRZWXX63Zjys7QdyIPafdJ5ass8st4VfdCur5OU1-Vw_w4q9fqt2QF7uIEjQWQLHonADxKNocCZxBkfhAKhE28xY8kCBilGQRPjoN4f51432w:1w4rJw:i9vTo4lTp0CDGhihgNeY1Wym9xByXnMpcp_ixQ75UjU", "expire_date": "2026-04-07T02:16:40.255Z"}}, {"model": "sessions.session", "pk": "qtqibrn62966dc3um8anqztxlw2b27fc", "fields": {"session_data": ".eJxVjEEOwiAQRe_C2hAgdBhcuvcMZIZBqRqalHbVeHdt0oVu_3vvbyrRutS09jKnUdRZWXX63Zjys7QdyIPafdJ5ass8st4VfdCur5OU1-Vw_w4q9fqt2QF7uIEjQWQLHonADxKNocCZxBkfhAKhE28xY8kCBilGQRPjoN4f51432w:1w4hJx:YDFlfelXLkGeGv_OeKKseTF3XhE_6qzO9LwvEsRAM2g", "expire_date": "2026-04-06T15:36:01.434Z"}}, {"model": "sessions.session", "pk": "rikbi2hfe8cuh5dgi7n26h3n31hd7dsv", "fields": {"session_data": ".eJxVjEEOwiAQRe_C2hAgdBhcuvcMZIZBqRqalHbVeHdt0oVu_3vvbyrRutS09jKnUdRZWXX63Zjys7QdyIPafdJ5ass8st4VfdCur5OU1-Vw_w4q9fqt2QF7uIEjQWQLHonADxKNocCZxBkfhAKhE28xY8kCBilGQRPjoN4f51432w:1w5ZgA:DwkYfls7psIDxi2wXb7AYhoG8rhEmKmKKexIROxSpVY", "expire_date": "2026-04-09T01:38:34.432Z"}}, {"model": "sessions.session", "pk": "u1015cb5jbxfh001ohn3ab71zeiedirn", "fields": {"session_data": ".eJxVjEEOwiAQRe_C2hAgdBhcuvcMZIZBqRqalHbVeHdt0oVu_3vvbyrRutS09jKnUdRZWXX63Zjys7QdyIPafdJ5ass8st4VfdCur5OU1-Vw_w4q9fqt2QF7uIEjQWQLHonADxKNocCZxBkfhAKhE28xY8kCBilGQRPjoN4f51432w:1w4hHn:5sRNBpvjv__88zRk3fDgByFmKD_n8E7bGbHQJtWLZSA", "expire_date": "2026-04-06T15:33:47.204Z"}}, {"model": "sessions.session", "pk": "whip2g6fmft88vz8ovjhyjdddz57u2qe", "fields": {"session_data": ".eJxVjjsOwyAQRO9CbSFAGIPL9DkDWlgcnA9Y_hSR5bsHFBfJdjNvdjQ7sbCt0W5LmO2IpCecNL-eA_8IqQK8Q7pl6nNa59HRGqEnXeg1Y3hezuxfQYQllm8nlJNqUAJQa8eV1ABKtmgYg855QMFkh9CBFii59jp4VEyDMaiZMW0pneD9Cmm1Yxoy6XcCr7wVOUHdrVg9yhriY9kZ7JeSnvO2-sfxAZQ-THE:1wEtZ3:Wlm2Vvde_wnquRlf70XqOHrbCdhBjXY3tNDsZP8og-s", "expire_date": "2026-05-04T18:41:45.644Z"}}, {"model": "store.employee", "pk": "EMP002", "fields": {"emp_name": "Anouluck", "surname": "PTV", "tel": "2099439625", "position": "IT", "password": "pbkdf2_sha256$1000000$u034xyBqgrrrKdlww41MH8$ZgVChVAbz9t9NatDijH6/6CHwWWgzPAmBgXNuPpSlKo="}}, {"model": "store.employee", "pk": "EMP003", "fields": {"emp_name": "user1", "surname": "test", "tel": "2055555555", "position": "Staff", "password": "12345678"}}, {"model": "store.employee", "pk": "EMP069", "fields": {"emp_name": "bick", "surname": "olo", "tel": "2069696969", "position": "Manager", "password": "12345678"}}, {"model": "store.employee", "pk": "EMP358", "fields": {"emp_name": "Lucky", "surname": "", "tel": "", "position": "", "password": ""}}, {"model": "store.employee", "pk": "EMP622", "fields": {"emp_name": "Lar", "surname": "PTS", "tel": "2052509723", "position": "Staff", "password": "223354"}}, {"model": "store.customer", "pk": "C001", "fields": {"cus_name": "test", "tel": "2096969696", "address": "at home"}}, {"model": "store.customer", "pk": "CUS002", "fields": {"cus_name": "ອານຸລັກ", "tel": "2056643390", "address": "ບ້ານສາຍນ້ຳເງິນ"}}, {"model": "store.supplier", "pk": "SUP001", "fields": {"company_name": "olo", "tel": "2055555569", "address": "at home"}}, {"model": "store.category", "pk": "C001", "fields": {"cat_name": "ອຸປະກອນຄອມພິວເຕີ"}}, {"model": "store.category", "pk": "C002", "fields": {"cat_name": "ອຸປະກອນເກມມິ້ງ"}}, {"model": "store.category", "pk": "C003", "fields": {"cat_name": "ເຄື່ອງໃຊ້ໄອທີອື່ນໆ"}}, {"model": "store.category", "pk": "C004", "fields": {"cat_name": "Laptops"}}, {"model": "store.category", "pk": "C005", "fields": {"cat_name": "ຈໍຄອມພິວເຕີ"}}, {"model": "store.brand", "pk": "B001", "fields": {"brand_name": "Logitech"}}, {"model": "store.brand", "pk": "B002", "fields": {"brand_name": "HP"}}, {"model": "store.brand", "pk": "B003", "fields": {"brand_name": "Dell"}}, {"model": "store.brand", "pk": "B004", "fields": {"brand_name": "Apple"}}, {"model": "store.brand", "pk": "B005", "fields": {"brand_name": "Xbox"}}, {"model": "store.brand", "pk": "B006", "fields": {"brand_name": "ASUS"}}, {"model": "store.brand", "pk": "B007", "fields": {"brand_name": "Lenovo"}}, {"model": "store.brand", "pk": "B008", "fields": {"brand_name": "Kingston FURY"}}, {"model": "store.brand", "pk": "B009", "fields": {"brand_name": "Corsair"}}, {"model": "store.brand", "pk": "B010", "fields": {"brand_name": "Crucial"}}, {"model": "store.unit", "pk": "U001", "fields": {"unit_name": "ອັນ"}}, {"model": "store.unit", "pk": "U002", "fields": {"unit_name": "ໜ່ວຍ"}}, {"model": "store.unit", "pk": "U003", "fields": {"unit_name": "ເຄື່ອງ"}}, {"model": "store.unit", "pk": "U004", "fields": {"unit_name": "ກ່ອງ"}}, {"model": "store.product", "pk": "001", "fields": {"pro_name": "iPhone 17", "price_buy": 1750000.0, "price_sale": 1990000.0, "qty": 0, "cat": "C005", "brand": "B004", "unit": "U002", "pro_img": ""}}, {"model": "store.product", "pk": "P001", "fields": {"pro_name": "Mouse Logitech G102", "price_buy": 90000.0, "price_sale": 150000.0, "qty": 9, "cat": "C001", "brand": "B001", "unit": "U001", "pro_img": "products/Mouse_Logitech_G102.jpg"}}, {"model": "store.product", "pk": "P003", "fields": {"pro_name": "Xbox Wireless Controller (Black)", "price_buy": 560000.0, "price_sale": 1200000.0, "qty": 4, "cat": "C002", "brand": "B005", "unit": "U001", "pro_img": "products/Xbox-Wireless-Controller-Carbon-Black-3.jpg"}}, {"model": "store.product", "pk": "P004", "fields": {"pro_name": "Lenovo Legion Y25-30 (280Hz)", "price_buy": 5800000.0, "price_sale": 6950000.0, "qty": 3, "cat": "C005", "brand": "B007", "unit": "U001", "pro_img": "products/Lenovo_Legion_Y25-30_280Hz.webp"}}, {"model": "store.product", "pk": "P005", "fields": {"pro_name": "Lenovo ThinkVision S24e-20", "price_buy": 1450000.0, "price_sale": 1850000.0, "qty": 10, "cat": "C005", "brand": "B007", "unit": "U001", "pro_img": "products/Lenovo_ThinkVision_S24e-20.jpg"}}, {"model": "store.product", "pk": "P006", "fields": {"pro_name": "Lenovo L24i-40 (100Hz)", "price_buy": 1000000.0, "price_sale": 2200000.0, "qty": 4, "cat": "C005", "brand": "B007", "unit": "U001", "pro_img": "products/Lenovo_L24i-40_100Hz.jpg"}}, {"model": "store.product", "pk": "P007", "fields": {"pro_name": "Logitech MK220 (Mouse+KB Set)", "price_buy": 350000.0, "price_sale": 490000.0, "qty": 19, "cat": "C001", "brand": "B001", "unit": "U001", "pro_img": "products/Logitech_MK220_MouseKB_Set.webp"}}, {"model": "store.product", "pk": "P008", "fields": {"pro_name": "Kingston FURY Beast 16GB (8x2) DDR4", "price_buy": 750000.0, "price_sale": 980000.0, "qty": 18, "cat": "C001", "brand": "B008", "unit": "U001", "pro_img": "products/Kingston_FURY_Beast_16GB_8x2_DDR4.jpg"}}, {"model": "store.product", "pk": "P009", "fields": {"pro_name": "Laptop RAM DDR4 8GB (2666MHz)", "price_buy": 600000.0, "price_sale": 550000.0, "qty": 18, "cat": "C001", "brand": "B010", "unit": "U001", "pro_img": "products/Laptop_RAM_DDR4_8GB_2666MHz.webp"}}, {"model": "store.shopinfo", "pk": "001", "fields": {"shop_name": "PROCOM", "tel": "2096969696", "address": "ບ້ານ ຕານມີໄຊ ເມືອງ ໄຊທານີ ແຂວງ ນະຄອນຫຼວງວຽງຈັນ", "logo": "shop_logo/Procom.jpg"}}, {"model": "store.stockimport", "pk": "IMP701859", "fields": {"imp_date": "2026-04-20T16:17:39.382Z", "total_amount": 6000000.0, "sup": "SUP001", "emp": "EMP358"}}, {"model": "store.stockimport", "pk": "IMP701879", "fields": {"imp_date": "2026-04-20T16:17:59.455Z", "total_amount": 2000000.0, "sup": "SUP001", "emp": "EMP358"}}, {"model": "store.stockimport", "pk": "IMP701946", "fields": {"imp_date": "2026-04-20T16:19:06.183Z", "total_amount": 1220000.0, "sup": "SUP001", "emp": "EMP358"}}, {"model": "store.stockimport", "pk": "IMP777988", "fields": {"imp_date": "2026-04-21T13:26:28.027Z", "total_amount": 1680000.0, "sup": "SUP001", "emp": "EMP003"}}, {"model": "store.stockimport", "pk": "IMP778030", "fields": {"imp_date": "2026-04-21T13:27:10.831Z", "total_amount": 560000.0, "sup": "SUP001", "emp": "EMP003"}}, {"model": "store.stockimport", "pk": "IMP779018", "fields": {"imp_date": "2026-04-21T13:43:38.088Z", "total_amount": 5250000.0, "sup": "SUP001", "emp": "EMP069"}}, {"model": "store.importdetail", "pk": 1, "fields": {"imp": "IMP701859", "pro": "P009", "qty": 10, "price": 600000.0}}, {"model": "store.importdetail", "pk": 2, "fields": {"imp": "IMP701879", "pro": "P006", "qty": 2, "price": 1000000.0}}, {"model": "store.importdetail", "pk": 3, "fields": {"imp": "IMP701946", "pro": "P009", "qty": 2, "price": 610000.0}}, {"model": "store.importdetail", "pk": 4, "fields": {"imp": "IMP777988", "pro": "P003", "qty": 3, "price": 560000.0}}, {"model": "store.importdetail", "pk": 5, "fields": {"imp": "IMP778030", "pro": "P003", "qty": 1, "price": 560000.0}}, {"model": "store.importdetail", "pk": 6, "fields": {"imp": "IMP779018", "pro": "001", "qty": 3, "price": 1750000.0}}, {"model": "store.sale", "pk": "S76695775", "fields": {"sale_date": "2026-04-20T14:36:15.896Z", "total_amount": 1048600.0, "cus": null, "emp": "EMP358", "discount": "0.00", "vat_rate": "7.00", "status": "Paid"}}, {"model": "store.sale", "pk": "S76696944", "fields": {"sale_date": "2026-04-20T14:55:44.639Z", "total_amount": 588500.0, "cus": null, "emp": "EMP358", "discount": "0.00", "vat_rate": "7.00", "status": "Paid"}}, {"model": "store.sale", "pk": "S76710278", "fields": {"sale_date": "2026-04-20T18:37:58.772Z", "total_amount": 2354000.0, "cus": "CUS002", "emp": "EMP358", "discount": "0.00", "vat_rate": "7.00", "status": "Quotation"}}, {"model": "store.sale", "pk": "S76710447", "fields": {"sale_date": "2026-04-20T18:40:47.808Z", "total_amount": 1048600.0, "cus": "CUS002", "emp": "EMP358", "discount": "0.00", "vat_rate": "7.00", "status": "Paid"}}, {"model": "store.sale", "pk": "S76710490", "fields": {"sale_date": "2026-04-20T18:41:30.319Z", "total_amount": 1048600.0, "cus": "CUS002", "emp": "EMP358", "discount": "0.00", "vat_rate": "7.00", "status": "Quotation"}}, {"model": "store.sale", "pk": "S76745644", "fields": {"sale_date": "2026-04-21T04:27:24.858Z", "total_amount": 1048600.0, "cus": "CUS002", "emp": "EMP358", "discount": "0.00", "vat_rate": "7.00", "status": "Quotation"}}, {"model": "store.sale", "pk": "S76745855", "fields": {"sale_date": "2026-04-21T04:30:55.963Z", "total_amount": 3638000.0, "cus": "CUS002", "emp": "EMP358", "discount": "0.00", "vat_rate": "7.00", "status": "Paid"}}, {"model": "store.sale", "pk": "S76777059", "fields": {"sale_date": "2026-04-21T13:10:59.146Z", "total_amount": 2354000.0, "cus": null, "emp": "EMP003", "discount": "0.00", "vat_rate": "7.00", "status": "Paid"}}, {"model": "store.sale", "pk": "S76778924", "fields": {"sale_date": "2026-04-21T13:42:04.286Z", "total_amount": 2129300.0, "cus": null, "emp": "EMP069", "discount": "0.00", "vat_rate": "7.00", "status": "Paid"}}, {"model": "store.sale", "pk": "S76778951", "fields": {"sale_date": "2026-04-21T13:42:31.932Z", "total_amount": 2129300.0, "cus": null, "emp": "EMP069", "discount": "0.00", "vat_rate": "7.00", "status": "Paid"}}, {"model": "store.sale", "pk": "S76781005", "fields": {"sale_date": "2026-04-21T14:16:45.268Z", "total_amount": 12155200.0, "cus": null, "emp": "EMP069", "discount": "0.00", "vat_rate": "7.00", "status": "Paid"}}, {"model": "store.sale", "pk": "S76781167", "fields": {"sale_date": "2026-04-21T14:19:27.781Z", "total_amount": 8881000.0, "cus": null, "emp": "EMP069", "discount": "0.00", "vat_rate": "7.00", "status": "Paid"}}, {"model": "store.sale", "pk": "S76782472", "fields": {"sale_date": "2026-04-21T14:41:12.335Z", "total_amount": 8720500.0, "cus": "CUS002", "emp": "EMP358", "discount": "0.00", "vat_rate": "7.00", "status": "Quotation"}}, {"model": "store.saledetail", "pk": 16, "fields": {"sale": "S76695775", "pro": "P008", "qty": 1, "price": 980000.0, "warranty_end": null}}, {"model": "store.saledetail", "pk": 17, "fields": {"sale": "S76696944", "pro": "P009", "qty": 1, "price": 550000.0, "warranty_end": null}}, {"model": "store.saledetail", "pk": 37, "fields": {"sale": "S76710278", "pro": "P006", "qty": 1, "price": 2200000.0, "warranty_end": null}}, {"model": "store.saledetail", "pk": 38, "fields": {"sale": "S76710447", "pro": "P008", "qty": 1, "price": 980000.0, "warranty_end": null}}, {"model": "store.saledetail", "pk": 39, "fields": {"sale": "S76710490", "pro": "P008", "qty": 1, "price": 980000.0, "warranty_end": null}}, {"model": "store.saledetail", "pk": 40, "fields": {"sale": "S76745644", "pro": "P008", "qty": 1, "price": 980000.0, "warranty_end": null}}, {"model": "store.saledetail", "pk": 41, "fields": {"sale": "S76745855", "pro": "P003", "qty": 1, "price": 1200000.0, "warranty_end": null}}, {"model": "store.saledetail", "pk": 42, "fields": {"sale": "S76745855", "pro": "P006", "qty": 1, "price": 2200000.0, "warranty_end": null}}, {"model": "store.saledetail", "pk": 43, "fields": {"sale": "S76777059", "pro": "P006", "qty": 1, "price": 2200000.0, "warranty_end": null}}, {"model": "store.saledetail", "pk": 44, "fields": {"sale": "S76778924", "pro": "001", "qty": 1, "price": 1990000.0, "warranty_end": null}}, {"model": "store.saledetail", "pk": 45, "fields": {"sale": "S76778951", "pro": "001", "qty": 1, "price": 1990000.0, "warranty_end": null}}, {"model": "store.saledetail", "pk": 46, "fields": {"sale": "S76781005", "pro": "001", "qty": 3, "price": 1990000.0, "warranty_end": null}}, {"model": "store.saledetail", "pk": 47, "fields": {"sale": "S76781005", "pro": "P001", "qty": 2, "price": 150000.0, "warranty_end": null}}, {"model": "store.saledetail", "pk": 48, "fields": {"sale": "S76781005", "pro": "P006", "qty": 1, "price": 2200000.0, "warranty_end": null}}, {"model": "store.saledetail", "pk": 49, "fields": {"sale": "S76781005", "pro": "P009", "qty": 1, "price": 550000.0, "warranty_end": null}}, {"model": "store.saledetail", "pk": 50, "fields": {"sale": "S76781005", "pro": "P007", "qty": 1, "price": 490000.0, "warranty_end": null}}, {"model": "store.saledetail", "pk": 51, "fields": {"sale": "S76781005", "pro": "P005", "qty": 1, "price": 1850000.0, "warranty_end": null}}, {"model": "store.saledetail", "pk": 52, "fields": {"sale": "S76781167", "pro": "P003", "qty": 1, "price": 1200000.0, "warranty_end": null}}, {"model": "store.saledetail", "pk": 53, "fields": {"sale": "S76781167", "pro": "P001", "qty": 1, "price": 150000.0, "warranty_end": null}}, {"model": "store.saledetail", "pk": 54, "fields": {"sale": "S76781167", "pro": "P004", "qty": 1, "price": 6950000.0, "warranty_end": null}}, {"model": "store.saledetail", "pk": 55, "fields": {"sale": "S76782472", "pro": "P003", "qty": 1, "price": 1200000.0, "warranty_end": null}}, {"model": "store.saledetail", "pk": 56, "fields": {"sale": "S76782472", "pro": "P004", "qty": 1, "price": 6950000.0, "warranty_end": null}}]